{
  "id": "1904755",
  "name": "satellite",
  "font_family": "iconfont",
  "css_prefix_text": "icon-",
  "description": "",
  "glyphs": [
    {
      "icon_id": "677589",
      "name": "密码",
      "font_class": "mima",
      "unicode": "e626",
      "unicode_decimal": 58918
    },
    {
      "icon_id": "677608",
      "name": "用户",
      "font_class": "yonghu",
      "unicode": "e639",
      "unicode_decimal": 58937
    },
    {
      "icon_id": "5732759",
      "name": "定位",
      "font_class": "dingwei",
      "unicode": "ec32",
      "unicode_decimal": 60466
    }
  ]
}
